description,tagType
1,Sonya
2,Jacob
3,Feliza
4,Willie
5,Eunice
6,Gustav
7,Nessa
8,Page
9,Clem
10,Fabe
11,Harmony
12,Carolann
13,Evelina
14,Tatum
15,Elmer
16,Hagen
17,Shalom
18,Mathilde
19,Aldis
20,Curcio
21,Loydie
22,Lev
23,Gus
24,Kristal
25,Linet
26,Fifine
27,Perren
28,Grantham
29,Ulrica
30,Merralee
31,Barny
32,Kip
33,Kenyon
34,Eydie
35,Bonny
36,Byran
37,Arlena
38,Riccardo
39,Ev
40,Stillmann
41,Luella
42,Allyn
43,Byrann
44,Ogdon
45,Fedora
46,Ricky
47,Bernardina
48,Kain
49,Anni
50,Faith
51,Storm
52,Bard
53,Matteo
54,Levin
55,Orella
56,Emmit
57,Trix
58,Desmond
59,Lindy
60,Kalila
61,Celka
62,Martha
63,Myrtia
64,Milton
65,Gwennie
66,Anstice
67,Quentin
68,Brad
69,Elston
70,Fields
71,Murdoch
72,Rahal
73,Tory
74,Tye
75,Bili
76,Lesly
77,Aubert
78,Nickie
79,Chloette
80,Dougy
81,Starlin
82,Vanya
83,Francklin
84,Camille
85,Jonathan
86,Tanitansy
87,Brittany
88,Margaretta
89,Lavinie
90,Laurella
91,Tan
92,Hettie
93,Chloris
94,Evangelina
95,Jillane
96,Jody
97,Rey
98,Marrilee
99,Alvin
100,Dew
101,Andeee
102,Noble
103,Lynette
104,Romola
105,Nola
106,Hakim
107,Adrienne
108,Adara
109,Tina
110,Vasily
111,Eleen
112,Elise
113,Eugenio
114,Lemmy
115,Ives
116,Carlie
117,Theressa
118,Claude
119,Sutton
120,Rafe
121,Brandyn
122,Bobina
123,Andres
124,Cate
125,Katerine
126,Ignacio
127,Charlotte
128,Sloane
129,Ailee
130,Gibby
131,Shena
132,Even
133,Faber
134,Flemming
135,Zondra
136,Jessy
137,Gregorius
138,Cecelia
139,Keely
140,Eldredge
141,Cletus
142,Alvis
143,Geralda
144,Martyn
145,Denney
146,Bailey
147,Bary
148,Sebastiano
149,Rosalind
150,Ephraim
151,Son
152,Renard
153,Kelsy
154,Susie
155,Jo-anne
156,Joaquin
157,Eleni
158,Meyer
159,Stefanie
160,Cristen
161,Fredek
162,Whitney
163,Calypso
164,Maximilian
165,Hyacintha
166,Florry
167,Morgen
168,Court
169,Bernie
170,Maisie
171,Andrey
172,Dagmar
173,Garek
174,Mariana
175,Jaclyn
176,Melloney
177,Aggie
178,Staci
179,Orion
180,Bevin
181,Kit
182,Beltran
183,Beret
184,Russell
185,Sonni
186,Colas
187,Nanci
188,Zia
189,Fianna
190,Quentin
191,Blondie
192,Broderic
193,Alasteir
194,Winfred
195,Vivian
196,Evelyn
197,Bartholomew
198,Ruddy
199,Rosette
200,Harlen
201,Inglebert
202,Elset
203,Gayel
204,Jami
205,Ignace
206,Ertha
207,Therine
208,Cristen
209,Curt
210,Launce
211,Adella
212,Fredi
213,Lynea
214,Katerina
215,Allie
216,Muhammad
217,Engelbert
218,Jonah
219,Cash
220,Corny
221,Maribeth
222,Adolphe
223,Maible
224,Freddie
225,Virginie
226,Imelda
227,Vinita
228,Margi
229,Caro
230,My
231,Lilian
232,Ike
233,Brocky
234,Kimbra
235,Maddalena
236,Anestassia
237,Clemmie
238,Miller
239,Korry
240,Raquela
241,Ethel
242,Lockwood
243,Rafaela
244,Ferrel
245,Tobi
246,Niki
247,Gerti
248,Alvan
249,Daffy
250,Carilyn
251,Gerome
252,Kahaleel
253,Astrid
254,Aube
255,Briant
256,Alfonse
257,Waylen
258,Courtnay
259,Brok
260,Garfield
261,Lancelot
262,Leta
263,Blinni
264,Coral
265,Jolyn
266,Emylee
267,Fraze
268,Royall
269,Hewie
270,Becky
271,Benetta
272,Leland
273,Craggie
274,Neil
275,Dania
276,Kale
277,Carr
278,Kali
279,Mildred
280,Ardenia
281,Raquela
282,Cos
283,Gus
284,Ursa
285,Hughie
286,Galven
287,Peg
288,Antonia
289,Xenia
290,Noni
291,Elenore
292,Rodi
293,Savina
294,Carol
295,Durand
296,Corney
297,Shelagh
298,Emily
299,Tarah
300,Giacinta
301,Darleen
302,Lewie
303,Lolly
304,Juliann
305,Robert
306,Haroun
307,L;urette
308,Dixie
309,Francisco
310,Leonerd
311,Burton
312,Killy
313,Gillian
314,Tracie
315,Faber
316,Tobye
317,Bruis
318,Orland
319,Willdon
320,Beret
321,Ari
322,Julie
323,Denyse
324,Elle
325,Pierce
326,Titos
327,Ivonne
328,Em
329,Lily
330,Waverley
331,Sayers
332,Jdavie
333,Faulkner
334,Esra
335,Oren
336,Boony
337,Taddeusz
338,Ninon
339,Laura
340,Kin
341,Garth
342,Freddie
343,Faustina
344,Gerianna
345,Innis
346,Joe
347,Reagen
348,Stormie
349,Horton
350,Neale
351,Elnore
352,Karyl
353,Merridie
354,Felipa
355,Sandi
356,Janeva
357,Julia
358,Olia
359,Dulcinea
360,Spencer
361,Vicky
362,Rex
363,Dalli
364,Odelia
365,Frannie
366,Matthew
367,Emmit
368,Elijah
369,Hasty
370,Conrad
371,Carolin
372,Evin
373,Linnie
374,Reinald
375,Chrissie
376,Enrichetta
377,Arley
378,Arther
379,Sasha
380,Pru
381,Nilson
382,Kaylil
383,Dewain
384,Amii
385,Hanni
386,Connor
387,Giorgia
388,Nani
389,Krista
390,Gibb
391,Bing
392,Artair
393,Fern
394,Colette
395,Alexandre
396,Rebbecca
397,Kelley
398,Kesley
399,Mikel
400,Val
401,Catina
402,Corey
403,Katerina
404,Marya
405,Tamera
406,Neila
407,Rania
408,Leda
409,Abigael
410,Estel
411,Hynda
412,Brand
413,Jelene
414,Chev
415,Hugo
416,Therine
417,Manon
418,Hasheem
419,Marlie
420,Gert
421,Grace
422,West
423,Junie
424,Bonnee
425,Decca
426,Alexina
427,Bent
428,Nert
429,Tybie
430,Ilse
431,Cornela
432,Consolata
433,Constancia
434,Malory
435,Carlos
436,Melvin
437,Michele
438,Lemuel
439,Rora
440,Jobina
441,Jordain
442,Bernardina
443,Charmian
444,Wallie
445,Norrie
446,Illa
447,Ulrika
448,Phyllis
449,Stefania
450,Leone
451,Pieter
452,Briano
453,Trula
454,Leif
455,Mason
456,Titus
457,Johnnie
458,Charlie
459,Piggy
460,Horatia
461,Chandler
462,Barbabas
463,Darci
464,Cly
465,Mable
466,Eddie
467,Sidonnie
468,Mersey
469,Zenia
470,Franklin
471,Damian
472,Jennette
473,Artie
474,Mady
475,Joelie
476,Randolph
477,Blake
478,Jewell
479,Hazlett
480,Halsey
481,Hope
482,Alphonso
483,Keefer
484,Allard
485,Sylas
486,Reinold
487,Davin
488,Gearalt
489,Corilla
490,Bail
491,Stearne
492,Dermot
493,Bibbye
494,Lawry
495,Wolfy
496,Prinz
497,Harriet
498,Gunilla
499,Ansley
500,Lanna
501,Noble
502,Kori
503,Rebbecca
504,Mora
505,Aura
506,Cris
507,Ali
508,Guthrie
509,Editha
510,Lida
511,Mignon
512,Sibley
513,Anson
514,Karleen
515,Chase
516,Hayes
517,Dorelia
518,Melony
519,Twila
520,Solomon
521,Charles
522,Catarina
523,Briney
524,Stephannie
525,Roda
526,Justen
527,Kassi
528,Lynette
529,Ashly
530,Doreen
531,Alvy
532,Libbie
533,Adan
534,Maximilianus
535,Shanda
536,Mac
537,Bartlet
538,Izabel
539,Alaric
540,Link
541,Ulises
542,Sherill
543,Hamish
544,Cybil
545,Glory
546,Marshall
547,Harman
548,Delmor
549,Ilene
550,Rhianon
551,Ophelie
552,Skipton
553,Cathlene
554,Steffen
555,Othello
556,Codie
557,Genvieve
558,Neel
559,Allayne
560,Christy
561,Gearard
562,Nikolos
563,Marie
564,Jayson
565,Cornie
566,Chad
567,Hubey
568,Haroun
569,Faunie
570,Mellie
571,Ham
572,Donelle
573,Wileen
574,Johanna
575,Leora
576,Rodolphe
577,Ernaline
578,Seana
579,Brock
580,Nobe
581,Rowe
582,Any
583,Germaine
584,Torry
585,Netty
586,Hadley
587,Hedda
588,Osborne
589,Forrester
590,Sarita
591,Devy
592,Natalina
593,Harlene
594,Caria
595,Remus
596,Valentia
597,Nanice
598,Moselle
599,Ainsley
600,Zia
601,Audra
602,Lisha
603,Arlyne
604,Maighdiln
605,Bone
606,Darrelle
607,Berthe
608,Dexter
609,Marylynne
610,Kora
611,Reginald
612,Woody
613,Harry
614,Felicio
615,Deb
616,Kristien
617,Dolly
618,Rustin
619,Elsbeth
620,Derrik
621,Lou
622,Katee
623,Aldis
624,King
625,Lorette
626,Candide
627,Sergei
628,Skipton
629,Jaymee
630,Shawn
631,Brina
632,Eyde
633,Jess
634,Emmalynn
635,Kathie
636,Yardley
637,Ally
638,Lucien
639,Neill
640,Costa
641,Natassia
642,Hertha
643,Dev
644,Winona
645,Hadleigh
646,Vikki
647,Chiquia
648,Feodora
649,Torrey
650,Leonid
651,Ira
652,Elyn
653,Leodora
654,Gloriane
655,Chev
656,Ebenezer
657,Zacharie
658,Kara
659,Margaux
660,Selestina
661,Delmer
662,Wilton
663,Marcy
664,Pippo
665,Hodge
666,Darren
667,Wake
668,Jobye
669,Lorne
670,Mehetabel
671,Pietro
672,Tobe
673,Malchy
674,Carla
675,Helena
676,Honor
677,Vicki
678,Didi
679,Hastings
680,Barry
681,Friederike
682,Sigismondo
683,Ines
684,Pate
685,Viviene
686,Philomena
687,Christoffer
688,Minne
689,Isabella
690,Inigo
691,Quill
692,Mia
693,Orella
694,Tobey
695,Cathryn
696,Caryn
697,Cassaundra
698,Rosita
699,Felipa
700,Abra
701,Alameda
702,Leonardo
703,Kathye
704,Pen
705,Leela
706,Parke
707,Isac
708,Ilise
709,Zandra
710,Dov
711,Jabez
712,Dieter
713,Leanna
714,Keane
715,Hali
716,Cointon
717,Angelina
718,Teresita
719,Dean
720,Lizbeth
721,Umberto
722,Libbie
723,Eugenio
724,Winnifred
725,Giacinta
726,Bradney
727,Issi
728,Clemmy
729,Ofilia
730,Baxter
731,Chelsey
732,Blythe
733,Aime
734,Ansel
735,Verina
736,Talbot
737,Derek
738,Humberto
739,Rancell
740,Milty
741,Joye
742,Tara
743,Johannes
744,Boycey
745,Kelcey
746,Duffie
747,Marget
748,Viviene
749,Randolph
750,Breena
751,Fredia
752,Delmar
753,Rooney
754,Victor
755,Opaline
756,Milly
757,Melisse
758,Ange
759,Marice
760,Hermann
761,Iolande
762,Claudine
763,Marsiella
764,Damara
765,Rodd
766,Inger
767,Giuditta
768,Aryn
769,Simona
770,Ronica
771,Kellen
772,Coop
773,Norris
774,Addy
775,Mayer
776,Tallia
777,Doroteya
778,Eva
779,Yasmin
780,Hana
781,Morse
782,Gwennie
783,Stanislaw
784,Darcee
785,Fitz
786,Leonidas
787,Ewan
788,Gunter
789,Englebert
790,Dulcie
791,Rey
792,Hermann
793,Devonne
794,Waly
795,Burlie
796,Tully
797,Kelley
798,Lester
799,Lilian
800,Buffy
801,Mallory
802,Terri
803,Tessa
804,Clayborne
805,Willy
806,Cecelia
807,Ardisj
808,Marietta
809,Johnette
810,Brittani
811,Harlene
812,Demott
813,Ashli
814,Chloris
815,Annis
816,Garrik
817,Audry
818,Prentiss
819,Ebba
820,Veronike
821,Waring
822,Keenan
823,Ade
824,Haslett
825,Jaime
826,Milty
827,Bradly
828,Bryn
829,Abbey
830,Annadiana
831,Linus
832,Bill
833,Malynda
834,Talia
835,Marlee
836,Lorens
837,Therese
838,Caralie
839,Carny
840,Anna-maria
841,Manda
842,Marylou
843,Brocky
844,Lauree
845,Farica
846,Arleta
847,Ilaire
848,Chastity
849,Emilee
850,Kara
851,Wallis
852,Daniella
853,Deonne
854,Willey
855,Toby
856,Fanny
857,Rand
858,Clio
859,Glad
860,Virgina
861,Rois
862,Valentino
863,Robbin
864,Adelind
865,Base
866,Kristi
867,Lazarus
868,Jacinta
869,Nelle
870,Melisse
871,Toby
872,Egan
873,Blakeley
874,Berenice
875,Dania
876,Jayme
877,Perle
878,Murdoch
879,Bent
880,Normie
881,Margaretta
882,Elmo
883,Terrence
884,Jinny
885,Jaclyn
886,Pincus
887,Tamas
888,Bertha
889,Wendeline
890,Doris
891,Eben
892,Dolli
893,Brynne
894,Shamus
895,Elysia
896,Auberta
897,Candis
898,Ab
899,Julissa
900,Welch
901,Gorden
902,Faun
903,Marcus
904,Aveline
905,Quentin
906,Giorgi
907,Franz
908,Karlee
909,Judye
910,Humfrid
911,Antonetta
912,Erica
913,Perren
914,Nancie
915,Myriam
916,Thor
917,Kean
918,Winnah
919,Caryl
920,Octavius
921,Anstice
922,Jessi
923,Sidnee
924,Nikos
925,Trish
926,Reina
927,Pooh
928,Jeanne
929,Bethina
930,Daria
931,Aymer
932,Bryan
933,Onida
934,Morna
935,Vera
936,Sergent
937,Kermie
938,Peirce
939,Josefa
940,Sibbie
941,Marcello
942,Eve
943,Kenn
944,Loralyn
945,Sammy
946,Malvin
947,La verne
948,Dalenna
949,Isac
950,Brooke
951,Ulla
952,Chiquita
953,Atalanta
954,Maurise
955,Fae
956,Nels
957,Ann-marie
958,Reagan
959,Felicdad
960,Fiorenze
961,Honor
962,Terrel
963,Gary
964,Jozef
965,Adey
966,Yolande
967,Eula
968,Stacy
969,Druci
970,Cheryl
971,Price
972,Ursa
973,Burtie
974,Earl
975,Delcine
976,Hewie
977,Corinne
978,Orv
979,Risa
980,Ailsun
981,Stirling
982,Lainey
983,Jone
984,Teodora
985,Denys
986,Susi
987,Florella
988,Hermy
989,Lorens
990,Angie
991,Traci
992,Winifred
993,Mira
994,Llywellyn
995,Danya
996,Sid
997,Rufe
998,Deane
999,Dalton
1000,Tristan
